timeStamp,elapsed,label,responseCode,responseMessage,threadName,dataType,success,failureMessage,bytes,sentBytes,grpThreads,allThreads,URL,Latency,IdleTime,Connect
1557479273306,0,JUnit Request,1000,Test successful,Thread Group 1-1,text,true,,0,0,2,2,null,0,0,0
1557479273306,0,JUnit Request,1000,Test successful,Thread Group 1-3,text,true,,0,0,1,1,null,0,0,0
1557479273308,0,JUnit Request,1000,Test successful,Thread Group 1-2,text,true,,0,0,1,1,null,0,0,0
1557479273309,0,JUnit Request,1000,Test successful,Thread Group 1-6,text,true,,0,0,2,2,null,0,0,0
1557479273309,0,JUnit Request,1000,Test successful,Thread Group 1-4,text,true,,0,0,2,2,null,0,0,0
1557479273310,0,JUnit Request,1000,Test successful,Thread Group 1-8,text,true,,0,0,2,2,null,0,0,0
1557479273311,0,JUnit Request,1000,Test successful,Thread Group 1-5,text,true,,0,0,1,1,null,0,0,0
1557479273312,0,JUnit Request,1000,Test successful,Thread Group 1-7,text,true,,0,0,1,1,null,0,0,0
1557479273314,0,JUnit Request,1000,Test successful,Thread Group 1-9,text,true,,0,0,1,1,null,0,0,0
1557479273316,0,JUnit Request,1000,Test successful,Thread Group 1-10,text,true,,0,0,1,1,null,0,0,0
1557479273319,0,JUnit Request,1000,Test successful,Thread Group 1-12,text,true,,0,0,2,2,null,0,0,0
1557479273323,0,JUnit Request,1000,Test successful,Thread Group 1-14,text,true,,0,0,3,3,null,0,0,0
1557479273323,0,JUnit Request,1000,Test successful,Thread Group 1-13,text,true,,0,0,2,2,null,0,0,0
1557479273318,5,JUnit Request,1000,Test successful,Thread Group 1-11,text,true,,0,0,2,2,null,0,0,0
1557479273324,0,JUnit Request,1000,Test successful,Thread Group 1-15,text,true,,0,0,1,1,null,0,0,0
1557479273325,1,JUnit Request,1000,Test successful,Thread Group 1-16,text,true,,0,0,1,1,null,0,0,0
1557479273328,0,JUnit Request,1000,Test successful,Thread Group 1-18,text,true,,0,0,1,1,null,0,0,0
1557479273330,0,JUnit Request,1000,Test successful,Thread Group 1-17,text,true,,0,0,1,1,null,0,0,0
1557479273330,0,JUnit Request,1000,Test successful,Thread Group 1-19,text,true,,0,0,1,1,null,0,0,0
1557479273332,1,JUnit Request,1000,Test successful,Thread Group 1-20,text,true,,0,0,1,1,null,0,0,0
1557479273336,0,JUnit Request,1000,Test successful,Thread Group 1-22,text,true,,0,0,1,1,null,0,0,0
1557479273337,0,JUnit Request,1000,Test successful,Thread Group 1-21,text,true,,0,0,1,1,null,0,0,0
1557479273342,0,JUnit Request,1000,Test successful,Thread Group 1-24,text,true,,0,0,1,1,null,0,0,0
1557479273343,0,JUnit Request,1000,Test successful,Thread Group 1-23,text,true,,0,0,1,1,null,0,0,0
1557479273345,0,JUnit Request,1000,Test successful,Thread Group 1-25,text,true,,0,0,1,1,null,0,0,0
1557479273345,0,JUnit Request,1000,Test successful,Thread Group 1-26,text,true,,0,0,1,1,null,0,0,0
1557479273347,0,JUnit Request,1000,Test successful,Thread Group 1-27,text,true,,0,0,1,1,null,0,0,0
1557479273350,0,JUnit Request,1000,Test successful,Thread Group 1-28,text,true,,0,0,1,1,null,0,0,0
1557479273351,0,JUnit Request,1000,Test successful,Thread Group 1-29,text,true,,0,0,1,1,null,0,0,0
1557479273353,0,JUnit Request,1000,Test successful,Thread Group 1-30,text,true,,0,0,1,1,null,0,0,0
1557479273358,0,JUnit Request,1000,Test successful,Thread Group 1-32,text,true,,0,0,1,1,null,0,0,0
1557479273369,0,JUnit Request,1000,Test successful,Thread Group 1-34,text,true,,0,0,1,1,null,0,0,0
1557479273371,0,JUnit Request,1000,Test successful,Thread Group 1-36,text,true,,0,0,1,1,null,0,0,0
1557479273372,0,JUnit Request,1000,Test successful,Thread Group 1-35,text,true,,0,0,1,1,null,0,0,0
1557479273374,0,JUnit Request,1000,Test successful,Thread Group 1-31,text,true,,0,0,1,1,null,0,0,0
1557479273376,0,JUnit Request,1000,Test successful,Thread Group 1-38,text,true,,0,0,1,1,null,0,0,0
1557479273378,1,JUnit Request,1000,Test successful,Thread Group 1-39,text,true,,0,0,1,1,null,0,0,0
1557479273379,0,JUnit Request,1000,Test successful,Thread Group 1-40,text,true,,0,0,1,1,null,0,0,0
1557479273380,0,JUnit Request,1000,Test successful,Thread Group 1-33,text,true,,0,0,1,1,null,0,0,0
1557479273380,0,JUnit Request,1000,Test successful,Thread Group 1-37,text,true,,0,0,1,1,null,0,0,0
1557479273382,0,JUnit Request,1000,Test successful,Thread Group 1-42,text,true,,0,0,2,2,null,0,0,0
1557479273382,0,JUnit Request,1000,Test successful,Thread Group 1-41,text,true,,0,0,2,2,null,0,0,0
1557479273390,0,JUnit Request,1000,Test successful,Thread Group 1-43,text,true,,0,0,1,1,null,0,0,0
1557479273391,0,JUnit Request,1000,Test successful,Thread Group 1-46,text,true,,0,0,1,1,null,0,0,0
1557479273392,0,JUnit Request,1000,Test successful,Thread Group 1-47,text,true,,0,0,1,1,null,0,0,0
1557479273392,0,JUnit Request,1000,Test successful,Thread Group 1-45,text,true,,0,0,1,1,null,0,0,0
1557479273394,0,JUnit Request,1000,Test successful,Thread Group 1-48,text,true,,0,0,1,1,null,0,0,0
1557479273400,0,JUnit Request,1000,Test successful,Thread Group 1-49,text,true,,0,0,1,1,null,0,0,0
1557479273402,0,JUnit Request,1000,Test successful,Thread Group 1-50,text,true,,0,0,1,1,null,0,0,0
1557479273403,0,JUnit Request,1000,Test successful,Thread Group 1-52,text,true,,0,0,1,1,null,0,0,0
1557479273404,0,JUnit Request,1000,Test successful,Thread Group 1-51,text,true,,0,0,1,1,null,0,0,0
1557479273407,0,JUnit Request,1000,Test successful,Thread Group 1-53,text,true,,0,0,1,1,null,0,0,0
1557479273408,0,JUnit Request,1000,Test successful,Thread Group 1-56,text,true,,0,0,1,1,null,0,0,0
1557479273410,0,JUnit Request,1000,Test successful,Thread Group 1-54,text,true,,0,0,2,2,null,0,0,0
1557479273410,0,JUnit Request,1000,Test successful,Thread Group 1-55,text,true,,0,0,2,2,null,0,0,0
1557479273413,0,JUnit Request,1000,Test successful,Thread Group 1-57,text,true,,0,0,1,1,null,0,0,0
1557479273415,0,JUnit Request,1000,Test successful,Thread Group 1-59,text,true,,0,0,1,1,null,0,0,0
1557479273418,0,JUnit Request,1000,Test successful,Thread Group 1-58,text,true,,0,0,1,1,null,0,0,0
1557479273419,0,JUnit Request,1000,Test successful,Thread Group 1-60,text,true,,0,0,1,1,null,0,0,0
1557479273423,0,JUnit Request,1000,Test successful,Thread Group 1-61,text,true,,0,0,1,1,null,0,0,0
1557479273424,0,JUnit Request,1000,Test successful,Thread Group 1-62,text,true,,0,0,1,1,null,0,0,0
1557479273429,0,JUnit Request,1000,Test successful,Thread Group 1-64,text,true,,0,0,1,1,null,0,0,0
1557479273429,0,JUnit Request,1000,Test successful,Thread Group 1-63,text,true,,0,0,1,1,null,0,0,0
1557479273430,0,JUnit Request,1000,Test successful,Thread Group 1-65,text,true,,0,0,1,1,null,0,0,0
1557479273432,0,JUnit Request,1000,Test successful,Thread Group 1-66,text,true,,0,0,1,1,null,0,0,0
1557479273433,0,JUnit Request,1000,Test successful,Thread Group 1-68,text,true,,0,0,1,1,null,0,0,0
1557479273435,0,JUnit Request,1000,Test successful,Thread Group 1-69,text,true,,0,0,1,1,null,0,0,0
1557479273437,0,JUnit Request,1000,Test successful,Thread Group 1-71,text,true,,0,0,1,1,null,0,0,0
1557479273437,0,JUnit Request,1000,Test successful,Thread Group 1-70,text,true,,0,0,1,1,null,0,0,0
1557479273438,0,JUnit Request,1000,Test successful,Thread Group 1-67,text,true,,0,0,1,1,null,0,0,0
1557479273442,0,JUnit Request,1000,Test successful,Thread Group 1-72,text,true,,0,0,1,1,null,0,0,0
1557479273444,0,JUnit Request,1000,Test successful,Thread Group 1-74,text,true,,0,0,1,1,null,0,0,0
1557479273447,0,JUnit Request,1000,Test successful,Thread Group 1-73,text,true,,0,0,2,2,null,0,0,0
1557479273447,0,JUnit Request,1000,Test successful,Thread Group 1-78,text,true,,0,0,1,1,null,0,0,0
1557479273449,0,JUnit Request,1000,Test successful,Thread Group 1-75,text,true,,0,0,1,1,null,0,0,0
1557479273449,0,JUnit Request,1000,Test successful,Thread Group 1-77,text,true,,0,0,1,1,null,0,0,0
1557479273450,0,JUnit Request,1000,Test successful,Thread Group 1-44,text,true,,0,0,1,1,null,0,0,0
1557479273453,0,JUnit Request,1000,Test successful,Thread Group 1-76,text,true,,0,0,1,1,null,0,0,0
1557479273457,0,JUnit Request,1000,Test successful,Thread Group 1-79,text,true,,0,0,1,1,null,0,0,0
1557479273460,0,JUnit Request,1000,Test successful,Thread Group 1-80,text,true,,0,0,1,1,null,0,0,0
1557479273462,0,JUnit Request,1000,Test successful,Thread Group 1-81,text,true,,0,0,1,1,null,0,0,0
1557479273463,0,JUnit Request,1000,Test successful,Thread Group 1-84,text,true,,0,0,1,1,null,0,0,0
1557479273467,0,JUnit Request,1000,Test successful,Thread Group 1-86,text,true,,0,0,2,2,null,0,0,0
1557479273467,0,JUnit Request,1000,Test successful,Thread Group 1-83,text,true,,0,0,1,1,null,0,0,0
1557479273469,0,JUnit Request,1000,Test successful,Thread Group 1-82,text,true,,0,0,1,1,null,0,0,0
1557479273470,0,JUnit Request,1000,Test successful,Thread Group 1-85,text,true,,0,0,1,1,null,0,0,0
1557479273474,0,JUnit Request,1000,Test successful,Thread Group 1-87,text,true,,0,0,2,2,null,0,0,0
1557479273474,0,JUnit Request,1000,Test successful,Thread Group 1-90,text,true,,0,0,1,1,null,0,0,0
1557479273475,0,JUnit Request,1000,Test successful,Thread Group 1-88,text,true,,0,0,1,1,null,0,0,0
1557479273478,0,JUnit Request,1000,Test successful,Thread Group 1-89,text,true,,0,0,1,1,null,0,0,0
1557479273480,0,JUnit Request,1000,Test successful,Thread Group 1-93,text,true,,0,0,1,1,null,0,0,0
1557479273481,0,JUnit Request,1000,Test successful,Thread Group 1-91,text,true,,0,0,1,1,null,0,0,0
1557479273484,0,JUnit Request,1000,Test successful,Thread Group 1-92,text,true,,0,0,1,1,null,0,0,0
1557479273486,0,JUnit Request,1000,Test successful,Thread Group 1-94,text,true,,0,0,1,1,null,0,0,0
1557479273492,0,JUnit Request,1000,Test successful,Thread Group 1-99,text,true,,0,0,2,2,null,0,0,0
1557479273492,0,JUnit Request,1000,Test successful,Thread Group 1-96,text,true,,0,0,2,2,null,0,0,0
1557479273493,0,JUnit Request,1000,Test successful,Thread Group 1-100,text,true,,0,0,1,1,null,0,0,0
1557479273494,0,JUnit Request,1000,Test successful,Thread Group 1-97,text,true,,0,0,1,1,null,0,0,0
1557479273495,0,JUnit Request,1000,Test successful,Thread Group 1-101,text,true,,0,0,1,1,null,0,0,0
1557479273497,0,JUnit Request,1000,Test successful,Thread Group 1-95,text,true,,0,0,1,1,null,0,0,0
1557479273498,0,JUnit Request,1000,Test successful,Thread Group 1-98,text,true,,0,0,1,1,null,0,0,0
1557479273501,0,JUnit Request,1000,Test successful,Thread Group 1-104,text,true,,0,0,1,1,null,0,0,0
1557479273504,0,JUnit Request,1000,Test successful,Thread Group 1-102,text,true,,0,0,1,1,null,0,0,0
1557479273513,0,JUnit Request,1000,Test successful,Thread Group 1-105,text,true,,0,0,1,1,null,0,0,0
1557479273515,0,JUnit Request,1000,Test successful,Thread Group 1-106,text,true,,0,0,1,1,null,0,0,0
1557479273517,0,JUnit Request,1000,Test successful,Thread Group 1-107,text,true,,0,0,1,1,null,0,0,0
1557479273517,0,JUnit Request,1000,Test successful,Thread Group 1-111,text,true,,0,0,1,1,null,0,0,0
1557479273519,0,JUnit Request,1000,Test successful,Thread Group 1-108,text,true,,0,0,1,1,null,0,0,0
1557479273521,0,JUnit Request,1000,Test successful,Thread Group 1-109,text,true,,0,0,1,1,null,0,0,0
1557479273522,0,JUnit Request,1000,Test successful,Thread Group 1-114,text,true,,0,0,1,1,null,0,0,0
1557479273528,0,JUnit Request,1000,Test successful,Thread Group 1-113,text,true,,0,0,1,1,null,0,0,0
1557479273529,0,JUnit Request,1000,Test successful,Thread Group 1-115,text,true,,0,0,1,1,null,0,0,0
1557479273533,0,JUnit Request,1000,Test successful,Thread Group 1-117,text,true,,0,0,1,1,null,0,0,0
1557479273536,0,JUnit Request,1000,Test successful,Thread Group 1-118,text,true,,0,0,1,1,null,0,0,0
1557479273537,0,JUnit Request,1000,Test successful,Thread Group 1-119,text,true,,0,0,1,1,null,0,0,0
1557479273539,0,JUnit Request,1000,Test successful,Thread Group 1-120,text,true,,0,0,1,1,null,0,0,0
1557479273540,0,JUnit Request,1000,Test successful,Thread Group 1-112,text,true,,0,0,1,1,null,0,0,0
1557479273540,0,JUnit Request,1000,Test successful,Thread Group 1-121,text,true,,0,0,1,1,null,0,0,0
1557479273543,0,JUnit Request,1000,Test successful,Thread Group 1-122,text,true,,0,0,1,1,null,0,0,0
1557479273544,0,JUnit Request,1000,Test successful,Thread Group 1-123,text,true,,0,0,1,1,null,0,0,0
1557479273548,0,JUnit Request,1000,Test successful,Thread Group 1-124,text,true,,0,0,2,2,null,0,0,0
1557479273549,0,JUnit Request,1000,Test successful,Thread Group 1-128,text,true,,0,0,3,3,null,0,0,0
1557479273549,0,JUnit Request,1000,Test successful,Thread Group 1-116,text,true,,0,0,2,2,null,0,0,0
1557479273549,0,JUnit Request,1000,Test successful,Thread Group 1-125,text,true,,0,0,1,1,null,0,0,0
1557479273552,0,JUnit Request,1000,Test successful,Thread Group 1-126,text,true,,0,0,1,1,null,0,0,0
1557479273555,0,JUnit Request,1000,Test successful,Thread Group 1-131,text,true,,0,0,1,1,null,0,0,0
1557479273557,0,JUnit Request,1000,Test successful,Thread Group 1-132,text,true,,0,0,2,2,null,0,0,0
1557479273558,0,JUnit Request,1000,Test successful,Thread Group 1-103,text,true,,0,0,2,2,null,0,0,0
1557479273559,0,JUnit Request,1000,Test successful,Thread Group 1-129,text,true,,0,0,1,1,null,0,0,0
1557479273559,0,JUnit Request,1000,Test successful,Thread Group 1-133,text,true,,0,0,1,1,null,0,0,0
1557479273560,0,JUnit Request,1000,Test successful,Thread Group 1-130,text,true,,0,0,1,1,null,0,0,0
1557479273566,0,JUnit Request,1000,Test successful,Thread Group 1-136,text,true,,0,0,1,1,null,0,0,0
1557479273569,0,JUnit Request,1000,Test successful,Thread Group 1-134,text,true,,0,0,1,1,null,0,0,0
1557479273574,0,JUnit Request,1000,Test successful,Thread Group 1-135,text,true,,0,0,1,1,null,0,0,0
1557479273582,0,JUnit Request,1000,Test successful,Thread Group 1-140,text,true,,0,0,1,1,null,0,0,0
1557479273582,0,JUnit Request,1000,Test successful,Thread Group 1-110,text,true,,0,0,1,1,null,0,0,0
1557479273584,0,JUnit Request,1000,Test successful,Thread Group 1-141,text,true,,0,0,1,1,null,0,0,0
1557479273586,0,JUnit Request,1000,Test successful,Thread Group 1-144,text,true,,0,0,1,1,null,0,0,0
1557479273587,0,JUnit Request,1000,Test successful,Thread Group 1-142,text,true,,0,0,1,1,null,0,0,0
1557479273591,1,JUnit Request,1000,Test successful,Thread Group 1-137,text,true,,0,0,1,1,null,0,0,0
1557479273595,0,JUnit Request,1000,Test successful,Thread Group 1-145,text,true,,0,0,2,2,null,0,0,0
1557479273595,0,JUnit Request,1000,Test successful,Thread Group 1-146,text,true,,0,0,2,2,null,0,0,0
1557479273599,0,JUnit Request,1000,Test successful,Thread Group 1-147,text,true,,0,0,1,1,null,0,0,0
1557479273601,0,JUnit Request,1000,Test successful,Thread Group 1-149,text,true,,0,0,1,1,null,0,0,0
1557479273603,0,JUnit Request,1000,Test successful,Thread Group 1-150,text,true,,0,0,1,1,null,0,0,0
1557479273608,0,JUnit Request,1000,Test successful,Thread Group 1-157,text,true,,0,0,1,1,null,0,0,0
1557479273609,0,JUnit Request,1000,Test successful,Thread Group 1-152,text,true,,0,0,1,1,null,0,0,0
1557479273611,0,JUnit Request,1000,Test successful,Thread Group 1-127,text,true,,0,0,2,2,null,0,0,0
1557479273611,0,JUnit Request,1000,Test successful,Thread Group 1-154,text,true,,0,0,2,2,null,0,0,0
1557479273612,0,JUnit Request,1000,Test successful,Thread Group 1-151,text,true,,0,0,1,1,null,0,0,0
1557479273616,0,JUnit Request,1000,Test successful,Thread Group 1-156,text,true,,0,0,1,1,null,0,0,0
1557479273616,0,JUnit Request,1000,Test successful,Thread Group 1-162,text,true,,0,0,2,2,null,0,0,0
1557479273616,0,JUnit Request,1000,Test successful,Thread Group 1-158,text,true,,0,0,2,2,null,0,0,0
1557479273620,0,JUnit Request,1000,Test successful,Thread Group 1-155,text,true,,0,0,1,1,null,0,0,0
1557479273623,0,JUnit Request,1000,Test successful,Thread Group 1-138,text,true,,0,0,1,1,null,0,0,0
1557479273623,0,JUnit Request,1000,Test successful,Thread Group 1-165,text,true,,0,0,1,1,null,0,0,0
1557479273624,0,JUnit Request,1000,Test successful,Thread Group 1-139,text,true,,0,0,1,1,null,0,0,0
1557479273627,0,JUnit Request,1000,Test successful,Thread Group 1-159,text,true,,0,0,1,1,null,0,0,0
1557479273628,0,JUnit Request,1000,Test successful,Thread Group 1-160,text,true,,0,0,1,1,null,0,0,0
1557479273630,0,JUnit Request,1000,Test successful,Thread Group 1-161,text,true,,0,0,1,1,null,0,0,0
1557479273632,0,JUnit Request,1000,Test successful,Thread Group 1-169,text,true,,0,0,1,1,null,0,0,0
1557479273634,0,JUnit Request,1000,Test successful,Thread Group 1-143,text,true,,0,0,1,1,null,0,0,0
1557479273637,0,JUnit Request,1000,Test successful,Thread Group 1-163,text,true,,0,0,1,1,null,0,0,0
1557479273638,0,JUnit Request,1000,Test successful,Thread Group 1-172,text,true,,0,0,1,1,null,0,0,0
1557479273642,0,JUnit Request,1000,Test successful,Thread Group 1-166,text,true,,0,0,2,2,null,0,0,0
1557479273642,0,JUnit Request,1000,Test successful,Thread Group 1-173,text,true,,0,0,1,1,null,0,0,0
1557479273643,0,JUnit Request,1000,Test successful,Thread Group 1-148,text,true,,0,0,1,1,null,0,0,0
1557479273644,0,JUnit Request,1000,Test successful,Thread Group 1-167,text,true,,0,0,1,1,null,0,0,0
1557479273645,0,JUnit Request,1000,Test successful,Thread Group 1-168,text,true,,0,0,1,1,null,0,0,0
1557479273650,0,JUnit Request,1000,Test successful,Thread Group 1-170,text,true,,0,0,1,1,null,0,0,0
1557479273652,0,JUnit Request,1000,Test successful,Thread Group 1-171,text,true,,0,0,1,1,null,0,0,0
1557479273655,0,JUnit Request,1000,Test successful,Thread Group 1-153,text,true,,0,0,1,1,null,0,0,0
1557479273659,0,JUnit Request,1000,Test successful,Thread Group 1-174,text,true,,0,0,1,1,null,0,0,0
1557479273660,0,JUnit Request,1000,Test successful,Thread Group 1-175,text,true,,0,0,1,1,null,0,0,0
1557479273662,0,JUnit Request,1000,Test successful,Thread Group 1-176,text,true,,0,0,1,1,null,0,0,0
1557479273666,0,JUnit Request,1000,Test successful,Thread Group 1-178,text,true,,0,0,1,1,null,0,0,0
1557479273667,0,JUnit Request,1000,Test successful,Thread Group 1-177,text,true,,0,0,1,1,null,0,0,0
1557479273674,0,JUnit Request,1000,Test successful,Thread Group 1-190,text,true,,0,0,1,1,null,0,0,0
1557479273674,0,JUnit Request,1000,Test successful,Thread Group 1-182,text,true,,0,0,1,1,null,0,0,0
1557479273675,0,JUnit Request,1000,Test successful,Thread Group 1-191,text,true,,0,0,1,1,null,0,0,0
1557479273676,0,JUnit Request,1000,Test successful,Thread Group 1-183,text,true,,0,0,1,1,null,0,0,0
1557479273677,0,JUnit Request,1000,Test successful,Thread Group 1-192,text,true,,0,0,1,1,null,0,0,0
1557479273678,0,JUnit Request,1000,Test successful,Thread Group 1-184,text,true,,0,0,1,1,null,0,0,0
1557479273680,0,JUnit Request,1000,Test successful,Thread Group 1-164,text,true,,0,0,1,1,null,0,0,0
1557479273680,0,JUnit Request,1000,Test successful,Thread Group 1-186,text,true,,0,0,1,1,null,0,0,0
1557479273690,0,JUnit Request,1000,Test successful,Thread Group 1-197,text,true,,0,0,1,1,null,0,0,0
1557479273691,0,JUnit Request,1000,Test successful,Thread Group 1-198,text,true,,0,0,1,1,null,0,0,0
1557479273697,0,JUnit Request,1000,Test successful,Thread Group 1-185,text,true,,0,0,1,1,null,0,0,0
1557479273712,0,JUnit Request,1000,Test successful,Thread Group 1-180,text,true,,0,0,3,3,null,0,0,0
1557479273712,0,JUnit Request,1000,Test successful,Thread Group 1-209,text,true,,0,0,3,3,null,0,0,0
1557479273712,0,JUnit Request,1000,Test successful,Thread Group 1-179,text,true,,0,0,1,1,null,0,0,0
1557479273714,0,JUnit Request,1000,Test successful,Thread Group 1-181,text,true,,0,0,1,1,null,0,0,0
1557479273714,0,JUnit Request,1000,Test successful,Thread Group 1-188,text,true,,0,0,1,1,null,0,0,0
1557479273717,0,JUnit Request,1000,Test successful,Thread Group 1-189,text,true,,0,0,1,1,null,0,0,0
1557479273722,0,JUnit Request,1000,Test successful,Thread Group 1-214,text,true,,0,0,1,1,null,0,0,0
1557479273725,0,JUnit Request,1000,Test successful,Thread Group 1-193,text,true,,0,0,1,1,null,0,0,0
1557479273725,0,JUnit Request,1000,Test successful,Thread Group 1-187,text,true,,0,0,1,1,null,0,0,0
1557479273726,0,JUnit Request,1000,Test successful,Thread Group 1-194,text,true,,0,0,1,1,null,0,0,0
1557479273730,0,JUnit Request,1000,Test successful,Thread Group 1-195,text,true,,0,0,1,1,null,0,0,0
1557479273731,0,JUnit Request,1000,Test successful,Thread Group 1-196,text,true,,0,0,1,1,null,0,0,0
1557479273732,0,JUnit Request,1000,Test successful,Thread Group 1-219,text,true,,0,0,1,1,null,0,0,0
1557479273738,0,JUnit Request,1000,Test successful,Thread Group 1-199,text,true,,0,0,2,2,null,0,0,0
1557479273738,0,JUnit Request,1000,Test successful,Thread Group 1-200,text,true,,0,0,2,2,null,0,0,0
1557479273744,0,JUnit Request,1000,Test successful,Thread Group 1-203,text,true,,0,0,1,1,null,0,0,0
1557479273746,0,JUnit Request,1000,Test successful,Thread Group 1-204,text,true,,0,0,1,1,null,0,0,0
1557479273748,0,JUnit Request,1000,Test successful,Thread Group 1-227,text,true,,0,0,1,1,null,0,0,0
1557479273752,0,JUnit Request,1000,Test successful,Thread Group 1-207,text,true,,0,0,1,1,null,0,0,0
1557479273753,0,JUnit Request,1000,Test successful,Thread Group 1-208,text,true,,0,0,1,1,null,0,0,0
1557479273756,0,JUnit Request,1000,Test successful,Thread Group 1-231,text,true,,0,0,1,1,null,0,0,0
1557479273759,0,JUnit Request,1000,Test successful,Thread Group 1-211,text,true,,0,0,1,1,null,0,0,0
1557479273761,0,JUnit Request,1000,Test successful,Thread Group 1-212,text,true,,0,0,1,1,null,0,0,0
1557479273764,0,JUnit Request,1000,Test successful,Thread Group 1-235,text,true,,0,0,1,1,null,0,0,0
1557479273768,0,JUnit Request,1000,Test successful,Thread Group 1-215,text,true,,0,0,2,2,null,0,0,0
1557479273768,0,JUnit Request,1000,Test successful,Thread Group 1-216,text,true,,0,0,2,2,null,0,0,0
1557479273771,0,JUnit Request,1000,Test successful,Thread Group 1-239,text,true,,0,0,1,1,null,0,0,0
1557479273778,0,JUnit Request,1000,Test successful,Thread Group 1-220,text,true,,0,0,1,1,null,0,0,0
1557479273780,0,JUnit Request,1000,Test successful,Thread Group 1-243,text,true,,0,0,1,1,null,0,0,0
1557479273784,0,JUnit Request,1000,Test successful,Thread Group 1-223,text,true,,0,0,1,1,null,0,0,0
1557479273785,0,JUnit Request,1000,Test successful,Thread Group 1-224,text,true,,0,0,1,1,null,0,0,0
1557479273788,0,JUnit Request,1000,Test successful,Thread Group 1-247,text,true,,0,0,1,1,null,0,0,0
1557479273790,0,JUnit Request,1000,Test successful,Thread Group 1-248,text,true,,0,0,1,1,null,0,0,0
1557479273792,0,JUnit Request,1000,Test successful,Thread Group 1-228,text,true,,0,0,1,1,null,0,0,0
1557479273796,0,JUnit Request,1000,Test successful,Thread Group 1-251,text,true,,0,0,1,1,null,0,0,0
1557479273799,0,JUnit Request,1000,Test successful,Thread Group 1-232,text,true,,0,0,1,1,null,0,0,0
1557479273803,0,JUnit Request,1000,Test successful,Thread Group 1-210,text,true,,0,0,1,1,null,0,0,0
1557479273803,0,JUnit Request,1000,Test successful,Thread Group 1-218,text,true,,0,0,1,1,null,0,0,0
1557479273803,0,JUnit Request,1000,Test successful,Thread Group 1-202,text,true,,0,0,1,1,null,0,0,0
1557479273804,0,JUnit Request,1000,Test successful,Thread Group 1-226,text,true,,0,0,1,1,null,0,0,0
1557479273804,0,JUnit Request,1000,Test successful,Thread Group 1-206,text,true,,0,0,1,1,null,0,0,0
1557479273804,0,JUnit Request,1000,Test successful,Thread Group 1-230,text,true,,0,0,1,1,null,0,0,0
1557479273804,0,JUnit Request,1000,Test successful,Thread Group 1-234,text,true,,0,0,1,1,null,0,0,0
1557479273805,0,JUnit Request,1000,Test successful,Thread Group 1-238,text,true,,0,0,1,1,null,0,0,0
1557479273805,0,JUnit Request,1000,Test successful,Thread Group 1-242,text,true,,0,0,1,1,null,0,0,0
1557479273805,0,JUnit Request,1000,Test successful,Thread Group 1-222,text,true,,0,0,1,1,null,0,0,0
1557479273806,0,JUnit Request,1000,Test successful,Thread Group 1-246,text,true,,0,0,1,1,null,0,0,0
1557479273806,0,JUnit Request,1000,Test successful,Thread Group 1-250,text,true,,0,0,1,1,null,0,0,0
1557479273806,0,JUnit Request,1000,Test successful,Thread Group 1-254,text,true,,0,0,1,1,null,0,0,0
1557479273806,0,JUnit Request,1000,Test successful,Thread Group 1-256,text,true,,0,0,1,1,null,0,0,0
1557479273807,0,JUnit Request,1000,Test successful,Thread Group 1-236,text,true,,0,0,1,1,null,0,0,0
1557479273811,0,JUnit Request,1000,Test successful,Thread Group 1-259,text,true,,0,0,1,1,null,0,0,0
1557479273813,0,JUnit Request,1000,Test successful,Thread Group 1-225,text,true,,0,0,1,1,null,0,0,0
1557479273814,0,JUnit Request,1000,Test successful,Thread Group 1-229,text,true,,0,0,1,1,null,0,0,0
1557479273814,0,JUnit Request,1000,Test successful,Thread Group 1-233,text,true,,0,0,1,1,null,0,0,0
1557479273815,0,JUnit Request,1000,Test successful,Thread Group 1-237,text,true,,0,0,1,1,null,0,0,0
1557479273815,0,JUnit Request,1000,Test successful,Thread Group 1-201,text,true,,0,0,1,1,null,0,0,0
1557479273815,0,JUnit Request,1000,Test successful,Thread Group 1-240,text,true,,0,0,1,1,null,0,0,0
1557479273820,0,JUnit Request,1000,Test successful,Thread Group 1-241,text,true,,0,0,6,6,null,0,0,0
1557479273820,0,JUnit Request,1000,Test successful,Thread Group 1-263,text,true,,0,0,6,6,null,0,0,0
1557479273823,0,JUnit Request,1000,Test successful,Thread Group 1-244,text,true,,0,0,5,5,null,0,0,0
1557479273828,0,JUnit Request,1000,Test successful,Thread Group 1-245,text,true,,0,0,5,5,null,0,0,0
1557479273829,0,JUnit Request,1000,Test successful,Thread Group 1-267,text,true,,0,0,5,5,null,0,0,0
1557479273830,0,JUnit Request,1000,Test successful,Thread Group 1-268,text,true,,0,0,5,5,null,0,0,0
1557479273833,0,JUnit Request,1000,Test successful,Thread Group 1-258,text,true,,0,0,5,5,null,0,0,0
1557479273833,0,JUnit Request,1000,Test successful,Thread Group 1-262,text,true,,0,0,5,5,null,0,0,0
1557479273834,0,JUnit Request,1000,Test successful,Thread Group 1-266,text,true,,0,0,5,5,null,0,0,0
1557479273834,0,JUnit Request,1000,Test successful,Thread Group 1-270,text,true,,0,0,5,5,null,0,0,0
1557479273835,0,JUnit Request,1000,Test successful,Thread Group 1-205,text,true,,0,0,4,4,null,0,0,0
1557479273835,0,JUnit Request,1000,Test successful,Thread Group 1-213,text,true,,0,0,3,3,null,0,0,0
1557479273836,0,JUnit Request,1000,Test successful,Thread Group 1-271,text,true,,0,0,5,5,null,0,0,0
1557479273836,0,JUnit Request,1000,Test successful,Thread Group 1-217,text,true,,0,0,4,4,null,0,0,0
1557479273836,0,JUnit Request,1000,Test successful,Thread Group 1-249,text,true,,0,0,2,2,null,0,0,0
1557479273836,0,JUnit Request,1000,Test successful,Thread Group 1-221,text,true,,0,0,1,1,null,0,0,0
1557479273838,0,JUnit Request,1000,Test successful,Thread Group 1-252,text,true,,0,0,1,1,null,0,0,0
1557479273842,0,JUnit Request,1000,Test successful,Thread Group 1-274,text,true,,0,0,1,1,null,0,0,0
1557479273843,0,JUnit Request,1000,Test successful,Thread Group 1-253,text,true,,0,0,2,2,null,0,0,0
1557479273845,0,JUnit Request,1000,Test successful,Thread Group 1-255,text,true,,0,0,2,2,null,0,0,0
1557479273848,0,JUnit Request,1000,Test successful,Thread Group 1-275,text,true,,0,0,1,1,null,0,0,0
1557479273849,0,JUnit Request,1000,Test successful,Thread Group 1-278,text,true,,0,0,1,1,null,0,0,0
1557479273851,0,JUnit Request,1000,Test successful,Thread Group 1-257,text,true,,0,0,1,1,null,0,0,0
1557479273852,0,JUnit Request,1000,Test successful,Thread Group 1-279,text,true,,0,0,1,1,null,0,0,0
1557479273854,0,JUnit Request,1000,Test successful,Thread Group 1-260,text,true,,0,0,1,1,null,0,0,0
1557479273858,0,JUnit Request,1000,Test successful,Thread Group 1-261,text,true,,0,0,1,1,null,0,0,0
1557479273861,0,JUnit Request,1000,Test successful,Thread Group 1-283,text,true,,0,0,1,1,null,0,0,0
1557479273863,0,JUnit Request,1000,Test successful,Thread Group 1-264,text,true,,0,0,1,1,null,0,0,0
1557479273865,0,JUnit Request,1000,Test successful,Thread Group 1-282,text,true,,0,0,1,1,null,0,0,0
1557479273866,0,JUnit Request,1000,Test successful,Thread Group 1-286,text,true,,0,0,1,1,null,0,0,0
1557479273867,0,JUnit Request,1000,Test successful,Thread Group 1-265,text,true,,0,0,1,1,null,0,0,0
1557479273868,0,JUnit Request,1000,Test successful,Thread Group 1-287,text,true,,0,0,1,1,null,0,0,0
1557479273874,0,JUnit Request,1000,Test successful,Thread Group 1-269,text,true,,0,0,1,1,null,0,0,0
1557479273875,0,JUnit Request,1000,Test successful,Thread Group 1-290,text,true,,0,0,1,1,null,0,0,0
1557479273877,0,JUnit Request,1000,Test successful,Thread Group 1-291,text,true,,0,0,1,1,null,0,0,0
1557479273878,0,JUnit Request,1000,Test successful,Thread Group 1-272,text,true,,0,0,1,1,null,0,0,0
1557479273882,0,JUnit Request,1000,Test successful,Thread Group 1-294,text,true,,0,0,2,2,null,0,0,0
1557479273885,0,JUnit Request,1000,Test successful,Thread Group 1-273,text,true,,0,0,1,1,null,0,0,0
1557479273885,0,JUnit Request,1000,Test successful,Thread Group 1-295,text,true,,0,0,2,2,null,0,0,0
1557479273885,0,JUnit Request,1000,Test successful,Thread Group 1-296,text,true,,0,0,2,2,null,0,0,0
1557479273886,0,JUnit Request,1000,Test successful,Thread Group 1-276,text,true,,0,0,1,1,null,0,0,0
1557479273890,0,JUnit Request,1000,Test successful,Thread Group 1-277,text,true,,0,0,1,1,null,0,0,0
1557479273892,0,JUnit Request,1000,Test successful,Thread Group 1-299,text,true,,0,0,1,1,null,0,0,0
1557479273899,0,JUnit Request,1000,Test successful,Thread Group 1-303,text,true,,0,0,1,1,null,0,0,0
1557479273901,0,JUnit Request,1000,Test successful,Thread Group 1-281,text,true,,0,0,1,1,null,0,0,0
1557479273910,0,JUnit Request,1000,Test successful,Thread Group 1-285,text,true,,0,0,2,2,null,0,0,0
1557479273910,0,JUnit Request,1000,Test successful,Thread Group 1-307,text,true,,0,0,1,1,null,0,0,0
1557479273911,0,JUnit Request,1000,Test successful,Thread Group 1-280,text,true,,0,0,1,1,null,0,0,0
1557479273911,0,JUnit Request,1000,Test successful,Thread Group 1-300,text,true,,0,0,1,1,null,0,0,0
1557479273913,0,JUnit Request,1000,Test successful,Thread Group 1-284,text,true,,0,0,4,4,null,0,0,0
1557479273914,0,JUnit Request,1000,Test successful,Thread Group 1-298,text,true,,0,0,3,3,null,0,0,0
1557479273914,0,JUnit Request,1000,Test successful,Thread Group 1-288,text,true,,0,0,2,2,null,0,0,0
1557479273914,0,JUnit Request,1000,Test successful,Thread Group 1-304,text,true,,0,0,1,1,null,0,0,0
1557479273918,0,JUnit Request,1000,Test successful,Thread Group 1-292,text,true,,0,0,1,1,null,0,0,0
1557479273920,0,JUnit Request,1000,Test successful,Thread Group 1-289,text,true,,0,0,1,1,null,0,0,0
1557479273926,0,JUnit Request,1000,Test successful,Thread Group 1-293,text,true,,0,0,1,1,null,0,0,0
1557479273926,0,JUnit Request,1000,Test successful,Thread Group 1-316,text,true,,0,0,1,1,null,0,0,0
1557479273932,0,JUnit Request,1000,Test successful,Thread Group 1-297,text,true,,0,0,1,1,null,0,0,0
1557479273936,0,JUnit Request,1000,Test successful,Thread Group 1-302,text,true,,0,0,1,1,null,0,0,0
1557479273941,0,JUnit Request,1000,Test successful,Thread Group 1-301,text,true,,0,0,1,1,null,0,0,0
1557479273948,0,JUnit Request,1000,Test successful,Thread Group 1-306,text,true,,0,0,1,1,null,0,0,0
1557479273952,0,JUnit Request,1000,Test successful,Thread Group 1-308,text,true,,0,0,1,1,null,0,0,0
1557479273953,0,JUnit Request,1000,Test successful,Thread Group 1-329,text,true,,0,0,1,1,null,0,0,0
1557479273955,0,JUnit Request,1000,Test successful,Thread Group 1-310,text,true,,0,0,1,1,null,0,0,0
1557479273956,0,JUnit Request,1000,Test successful,Thread Group 1-309,text,true,,0,0,1,1,null,0,0,0
1557479273957,0,JUnit Request,1000,Test successful,Thread Group 1-332,text,true,,0,0,1,1,null,0,0,0
1557479273960,0,JUnit Request,1000,Test successful,Thread Group 1-333,text,true,,0,0,2,2,null,0,0,0
1557479273960,0,JUnit Request,1000,Test successful,Thread Group 1-311,text,true,,0,0,1,1,null,0,0,0
1557479273962,0,JUnit Request,1000,Test successful,Thread Group 1-312,text,true,,0,0,1,1,null,0,0,0
1557479273964,0,JUnit Request,1000,Test successful,Thread Group 1-335,text,true,,0,0,1,1,null,0,0,0
1557479273965,0,JUnit Request,1000,Test successful,Thread Group 1-314,text,true,,0,0,1,1,null,0,0,0
1557479273966,0,JUnit Request,1000,Test successful,Thread Group 1-313,text,true,,0,0,1,1,null,0,0,0
1557479273966,0,JUnit Request,1000,Test successful,Thread Group 1-336,text,true,,0,0,1,1,null,0,0,0
1557479273967,0,JUnit Request,1000,Test successful,Thread Group 1-305,text,true,,0,0,1,1,null,0,0,0
1557479273968,0,JUnit Request,1000,Test successful,Thread Group 1-315,text,true,,0,0,1,1,null,0,0,0
1557479273969,0,JUnit Request,1000,Test successful,Thread Group 1-337,text,true,,0,0,1,1,null,0,0,0
1557479273973,0,JUnit Request,1000,Test successful,Thread Group 1-317,text,true,,0,0,1,1,null,0,0,0
1557479273974,0,JUnit Request,1000,Test successful,Thread Group 1-318,text,true,,0,0,1,1,null,0,0,0
1557479273976,0,JUnit Request,1000,Test successful,Thread Group 1-319,text,true,,0,0,1,1,null,0,0,0
1557479273978,0,JUnit Request,1000,Test successful,Thread Group 1-320,text,true,,0,0,2,2,null,0,0,0
1557479273978,0,JUnit Request,1000,Test successful,Thread Group 1-342,text,true,,0,0,2,2,null,0,0,0
1557479273980,0,JUnit Request,1000,Test successful,Thread Group 1-321,text,true,,0,0,1,1,null,0,0,0
1557479273982,0,JUnit Request,1000,Test successful,Thread Group 1-322,text,true,,0,0,1,1,null,0,0,0
1557479273984,0,JUnit Request,1000,Test successful,Thread Group 1-323,text,true,,0,0,1,1,null,0,0,0
1557479273985,0,JUnit Request,1000,Test successful,Thread Group 1-324,text,true,,0,0,1,1,null,0,0,0
1557479273986,0,JUnit Request,1000,Test successful,Thread Group 1-346,text,true,,0,0,1,1,null,0,0,0
1557479273987,0,JUnit Request,1000,Test successful,Thread Group 1-325,text,true,,0,0,1,1,null,0,0,0
1557479273987,0,JUnit Request,1000,Test successful,Thread Group 1-347,text,true,,0,0,1,1,null,0,0,0
1557479273988,0,JUnit Request,1000,Test successful,Thread Group 1-348,text,true,,0,0,1,1,null,0,0,0
1557479273990,0,JUnit Request,1000,Test successful,Thread Group 1-326,text,true,,0,0,1,1,null,0,0,0
1557479273992,0,JUnit Request,1000,Test successful,Thread Group 1-327,text,true,,0,0,1,1,null,0,0,0
1557479273993,0,JUnit Request,1000,Test successful,Thread Group 1-328,text,true,,0,0,1,1,null,0,0,0
1557479273996,0,JUnit Request,1000,Test successful,Thread Group 1-351,text,true,,0,0,1,1,null,0,0,0
1557479273997,0,JUnit Request,1000,Test successful,Thread Group 1-330,text,true,,0,0,1,1,null,0,0,0
1557479273999,0,JUnit Request,1000,Test successful,Thread Group 1-352,text,true,,0,0,1,1,null,0,0,0
1557479273999,0,JUnit Request,1000,Test successful,Thread Group 1-331,text,true,,0,0,1,1,null,0,0,0
1557479274004,0,JUnit Request,1000,Test successful,Thread Group 1-334,text,true,,0,0,2,2,null,0,0,0
1557479274004,0,JUnit Request,1000,Test successful,Thread Group 1-355,text,true,,0,0,1,1,null,0,0,0
1557479274005,0,JUnit Request,1000,Test successful,Thread Group 1-356,text,true,,0,0,1,1,null,0,0,0
1557479274009,0,JUnit Request,1000,Test successful,Thread Group 1-358,text,true,,0,0,1,1,null,0,0,0
1557479274011,0,JUnit Request,1000,Test successful,Thread Group 1-359,text,true,,0,0,1,1,null,0,0,0
1557479274012,0,JUnit Request,1000,Test successful,Thread Group 1-338,text,true,,0,0,1,1,null,0,0,0
1557479274015,0,JUnit Request,1000,Test successful,Thread Group 1-340,text,true,,0,0,1,1,null,0,0,0
1557479274018,0,JUnit Request,1000,Test successful,Thread Group 1-339,text,true,,0,0,1,1,null,0,0,0
1557479274018,0,JUnit Request,1000,Test successful,Thread Group 1-341,text,true,,0,0,1,1,null,0,0,0
1557479274019,0,JUnit Request,1000,Test successful,Thread Group 1-363,text,true,,0,0,1,1,null,0,0,0
1557479274022,0,JUnit Request,1000,Test successful,Thread Group 1-343,text,true,,0,0,1,1,null,0,0,0
1557479274023,0,JUnit Request,1000,Test successful,Thread Group 1-344,text,true,,0,0,1,1,null,0,0,0
1557479274025,0,JUnit Request,1000,Test successful,Thread Group 1-345,text,true,,0,0,1,1,null,0,0,0
1557479274027,0,JUnit Request,1000,Test successful,Thread Group 1-367,text,true,,0,0,1,1,null,0,0,0
1557479274030,0,JUnit Request,1000,Test successful,Thread Group 1-368,text,true,,0,0,1,1,null,0,0,0
1557479274034,0,JUnit Request,1000,Test successful,Thread Group 1-370,text,true,,0,0,1,1,null,0,0,0
1557479274035,0,JUnit Request,1000,Test successful,Thread Group 1-350,text,true,,0,0,1,1,null,0,0,0
1557479274038,0,JUnit Request,1000,Test successful,Thread Group 1-371,text,true,,0,0,1,1,null,0,0,0
1557479274040,0,JUnit Request,1000,Test successful,Thread Group 1-372,text,true,,0,0,1,1,null,0,0,0
1557479274042,0,JUnit Request,1000,Test successful,Thread Group 1-374,text,true,,0,0,1,1,null,0,0,0
1557479274045,0,JUnit Request,1000,Test successful,Thread Group 1-375,text,true,,0,0,1,1,null,0,0,0
1557479274047,0,JUnit Request,1000,Test successful,Thread Group 1-354,text,true,,0,0,1,1,null,0,0,0
1557479274047,0,JUnit Request,1000,Test successful,Thread Group 1-376,text,true,,0,0,1,1,null,0,0,0
1557479274048,0,JUnit Request,1000,Test successful,Thread Group 1-349,text,true,,0,0,1,1,null,0,0,0
1557479274049,0,JUnit Request,1000,Test successful,Thread Group 1-378,text,true,,0,0,1,1,null,0,0,0
1557479274051,0,JUnit Request,1000,Test successful,Thread Group 1-379,text,true,,0,0,1,1,null,0,0,0
1557479274056,0,JUnit Request,1000,Test successful,Thread Group 1-360,text,true,,0,0,2,2,null,0,0,0
1557479274056,0,JUnit Request,1000,Test successful,Thread Group 1-353,text,true,,0,0,1,1,null,0,0,0
1557479274057,0,JUnit Request,1000,Test successful,Thread Group 1-382,text,true,,0,0,1,1,null,0,0,0
1557479274060,0,JUnit Request,1000,Test successful,Thread Group 1-362,text,true,,0,0,2,2,null,0,0,0
1557479274061,0,JUnit Request,1000,Test successful,Thread Group 1-383,text,true,,0,0,1,1,null,0,0,0
1557479274064,0,JUnit Request,1000,Test successful,Thread Group 1-364,text,true,,0,0,2,2,null,0,0,0
1557479274064,0,JUnit Request,1000,Test successful,Thread Group 1-357,text,true,,0,0,2,2,null,0,0,0
1557479274066,0,JUnit Request,1000,Test successful,Thread Group 1-386,text,true,,0,0,1,1,null,0,0,0
1557479274066,0,JUnit Request,1000,Test successful,Thread Group 1-387,text,true,,0,0,2,2,null,0,0,0
1557479274066,0,JUnit Request,1000,Test successful,Thread Group 1-366,text,true,,0,0,1,1,null,0,0,0
1557479274071,0,JUnit Request,1000,Test successful,Thread Group 1-361,text,true,,0,0,1,1,null,0,0,0
1557479274072,0,JUnit Request,1000,Test successful,Thread Group 1-390,text,true,,0,0,1,1,null,0,0,0
1557479274074,0,JUnit Request,1000,Test successful,Thread Group 1-391,text,true,,0,0,1,1,null,0,0,0
1557479274079,0,JUnit Request,1000,Test successful,Thread Group 1-365,text,true,,0,0,1,1,null,0,0,0
1557479274082,0,JUnit Request,1000,Test successful,Thread Group 1-394,text,true,,0,0,1,1,null,0,0,0
1557479274085,0,JUnit Request,1000,Test successful,Thread Group 1-395,text,true,,0,0,1,1,null,0,0,0
1557479274087,0,JUnit Request,1000,Test successful,Thread Group 1-369,text,true,,0,0,1,1,null,0,0,0
1557479274089,0,JUnit Request,1000,Test successful,Thread Group 1-398,text,true,,0,0,1,1,null,0,0,0
1557479274090,0,JUnit Request,1000,Test successful,Thread Group 1-396,text,true,,0,0,1,1,null,0,0,0
1557479274091,0,JUnit Request,1000,Test successful,Thread Group 1-399,text,true,,0,0,1,1,null,0,0,0
1557479274094,0,JUnit Request,1000,Test successful,Thread Group 1-380,text,true,,0,0,1,1,null,0,0,0
1557479274095,0,JUnit Request,1000,Test successful,Thread Group 1-373,text,true,,0,0,1,1,null,0,0,0
1557479274097,0,JUnit Request,1000,Test successful,Thread Group 1-402,text,true,,0,0,1,1,null,0,0,0
1557479274099,0,JUnit Request,1000,Test successful,Thread Group 1-403,text,true,,0,0,1,1,null,0,0,0
1557479274101,0,JUnit Request,1000,Test successful,Thread Group 1-384,text,true,,0,0,1,1,null,0,0,0
1557479274103,0,JUnit Request,1000,Test successful,Thread Group 1-377,text,true,,0,0,1,1,null,0,0,0
1557479274105,0,JUnit Request,1000,Test successful,Thread Group 1-406,text,true,,0,0,1,1,null,0,0,0
1557479274107,0,JUnit Request,1000,Test successful,Thread Group 1-407,text,true,,0,0,1,1,null,0,0,0
1557479274108,0,JUnit Request,1000,Test successful,Thread Group 1-388,text,true,,0,0,2,2,null,0,0,0
1557479274108,0,JUnit Request,1000,Test successful,Thread Group 1-381,text,true,,0,0,1,1,null,0,0,0
1557479274114,0,JUnit Request,1000,Test successful,Thread Group 1-411,text,true,,0,0,2,2,null,0,0,0
1557479274114,1,JUnit Request,1000,Test successful,Thread Group 1-410,text,true,,0,0,1,1,null,0,0,0
1557479274115,0,JUnit Request,1000,Test successful,Thread Group 1-385,text,true,,0,0,1,1,null,0,0,0
1557479274116,0,JUnit Request,1000,Test successful,Thread Group 1-392,text,true,,0,0,1,1,null,0,0,0
1557479274124,0,JUnit Request,1000,Test successful,Thread Group 1-414,text,true,,0,0,2,2,null,0,0,0
1557479274124,0,JUnit Request,1000,Test successful,Thread Group 1-389,text,true,,0,0,2,2,null,0,0,0
1557479274128,0,JUnit Request,1000,Test successful,Thread Group 1-415,text,true,,0,0,1,1,null,0,0,0
1557479274129,0,JUnit Request,1000,Test successful,Thread Group 1-418,text,true,,0,0,1,1,null,0,0,0
1557479274131,0,JUnit Request,1000,Test successful,Thread Group 1-419,text,true,,0,0,1,1,null,0,0,0
1557479274132,0,JUnit Request,1000,Test successful,Thread Group 1-400,text,true,,0,0,1,1,null,0,0,0
1557479274134,0,JUnit Request,1000,Test successful,Thread Group 1-393,text,true,,0,0,1,1,null,0,0,0
1557479274140,0,JUnit Request,1000,Test successful,Thread Group 1-404,text,true,,0,0,2,2,null,0,0,0
1557479274140,0,JUnit Request,1000,Test successful,Thread Group 1-397,text,true,,0,0,2,2,null,0,0,0
1557479274141,0,JUnit Request,1000,Test successful,Thread Group 1-424,text,true,,0,0,1,1,null,0,0,0
1557479274146,0,JUnit Request,1000,Test successful,Thread Group 1-427,text,true,,0,0,1,1,null,0,0,0
1557479274147,0,JUnit Request,1000,Test successful,Thread Group 1-408,text,true,,0,0,2,2,null,0,0,0
1557479274147,0,JUnit Request,1000,Test successful,Thread Group 1-401,text,true,,0,0,2,2,null,0,0,0
1557479274148,0,JUnit Request,1000,Test successful,Thread Group 1-428,text,true,,0,0,1,1,null,0,0,0
1557479274154,0,JUnit Request,1000,Test successful,Thread Group 1-431,text,true,,0,0,1,1,null,0,0,0
1557479274155,0,JUnit Request,1000,Test successful,Thread Group 1-405,text,true,,0,0,1,1,null,0,0,0
1557479274156,0,JUnit Request,1000,Test successful,Thread Group 1-412,text,true,,0,0,1,1,null,0,0,0
1557479274162,0,JUnit Request,1000,Test successful,Thread Group 1-416,text,true,,0,0,3,3,null,0,0,0
1557479274160,0,JUnit Request,1000,Test successful,Thread Group 1-434,text,true,,0,0,2,2,null,0,0,0
1557479274159,0,JUnit Request,1000,Test successful,Thread Group 1-432,text,true,,0,0,1,1,null,0,0,0
1557479274164,0,JUnit Request,1000,Test successful,Thread Group 1-409,text,true,,0,0,3,3,null,0,0,0
1557479274164,0,JUnit Request,1000,Test successful,Thread Group 1-435,text,true,,0,0,1,1,null,0,0,0
1557479274168,0,JUnit Request,1000,Test successful,Thread Group 1-436,text,true,,0,0,2,2,null,0,0,0
1557479274168,0,JUnit Request,1000,Test successful,Thread Group 1-438,text,true,,0,0,2,2,null,0,0,0
1557479274168,0,JUnit Request,1000,Test successful,Thread Group 1-420,text,true,,0,0,1,1,null,0,0,0
1557479274171,0,JUnit Request,1000,Test successful,Thread Group 1-413,text,true,,0,0,1,1,null,0,0,0
1557479274171,0,JUnit Request,1000,Test successful,Thread Group 1-422,text,true,,0,0,2,2,null,0,0,0
1557479274174,0,JUnit Request,1000,Test successful,Thread Group 1-423,text,true,,0,0,1,1,null,0,0,0
1557479274175,0,JUnit Request,1000,Test successful,Thread Group 1-417,text,true,,0,0,1,1,null,0,0,0
1557479274178,0,JUnit Request,1000,Test successful,Thread Group 1-426,text,true,,0,0,1,1,null,0,0,0
1557479274183,0,JUnit Request,1000,Test successful,Thread Group 1-421,text,true,,0,0,1,1,null,0,0,0
1557479274190,0,JUnit Request,1000,Test successful,Thread Group 1-430,text,true,,0,0,1,1,null,0,0,0
1557479274191,0,JUnit Request,1000,Test successful,Thread Group 1-425,text,true,,0,0,1,1,null,0,0,0
1557479274200,0,JUnit Request,1000,Test successful,Thread Group 1-429,text,true,,0,0,2,2,null,0,0,0
1557479274200,0,JUnit Request,1000,Test successful,Thread Group 1-452,text,true,,0,0,2,2,null,0,0,0
1557479274205,0,JUnit Request,1000,Test successful,Thread Group 1-439,text,true,,0,0,1,1,null,0,0,0
1557479274206,0,JUnit Request,1000,Test successful,Thread Group 1-440,text,true,,0,0,2,2,null,0,0,0
1557479274206,0,JUnit Request,1000,Test successful,Thread Group 1-433,text,true,,0,0,1,1,null,0,0,0
1557479274211,0,JUnit Request,1000,Test successful,Thread Group 1-442,text,true,,0,0,1,1,null,0,0,0
1557479274215,0,JUnit Request,1000,Test successful,Thread Group 1-437,text,true,,0,0,1,1,null,0,0,0
1557479274218,0,JUnit Request,1000,Test successful,Thread Group 1-443,text,true,,0,0,1,1,null,0,0,0
1557479274220,0,JUnit Request,1000,Test successful,Thread Group 1-444,text,true,,0,0,1,1,null,0,0,0
1557479274221,0,JUnit Request,1000,Test successful,Thread Group 1-446,text,true,,0,0,1,1,null,0,0,0
1557479274223,0,JUnit Request,1000,Test successful,Thread Group 1-441,text,true,,0,0,1,1,null,0,0,0
1557479274224,0,JUnit Request,1000,Test successful,Thread Group 1-447,text,true,,0,0,1,1,null,0,0,0
1557479274226,0,JUnit Request,1000,Test successful,Thread Group 1-448,text,true,,0,0,1,1,null,0,0,0
1557479274229,0,JUnit Request,1000,Test successful,Thread Group 1-450,text,true,,0,0,1,1,null,0,0,0
1557479274230,0,JUnit Request,1000,Test successful,Thread Group 1-445,text,true,,0,0,1,1,null,0,0,0
1557479274233,0,JUnit Request,1000,Test successful,Thread Group 1-451,text,true,,0,0,1,1,null,0,0,0
1557479274233,0,JUnit Request,1000,Test successful,Thread Group 1-470,text,true,,0,0,1,1,null,0,0,0
1557479274236,0,JUnit Request,1000,Test successful,Thread Group 1-471,text,true,,0,0,1,1,null,0,0,0
1557479274239,0,JUnit Request,1000,Test successful,Thread Group 1-455,text,true,,0,0,1,1,null,0,0,0
1557479274242,0,JUnit Request,1000,Test successful,Thread Group 1-456,text,true,,0,0,1,1,null,0,0,0
1557479274245,0,JUnit Request,1000,Test successful,Thread Group 1-476,text,true,,0,0,1,1,null,0,0,0
1557479274248,0,JUnit Request,1000,Test successful,Thread Group 1-459,text,true,,0,0,1,1,null,0,0,0
1557479274251,0,JUnit Request,1000,Test successful,Thread Group 1-460,text,true,,0,0,1,1,null,0,0,0
1557479274253,0,JUnit Request,1000,Test successful,Thread Group 1-479,text,true,,0,0,1,1,null,0,0,0
1557479274253,0,JUnit Request,1000,Test successful,Thread Group 1-454,text,true,,0,0,1,1,null,0,0,0
1557479274253,0,JUnit Request,1000,Test successful,Thread Group 1-480,text,true,,0,0,3,3,null,0,0,0
1557479274253,0,JUnit Request,1000,Test successful,Thread Group 1-474,text,true,,0,0,3,3,null,0,0,0
1557479274253,0,JUnit Request,1000,Test successful,Thread Group 1-458,text,true,,0,0,1,1,null,0,0,0
1557479274254,0,JUnit Request,1000,Test successful,Thread Group 1-462,text,true,,0,0,1,1,null,0,0,0
1557479274255,0,JUnit Request,1000,Test successful,Thread Group 1-463,text,true,,0,0,1,1,null,0,0,0
1557479274257,0,JUnit Request,1000,Test successful,Thread Group 1-449,text,true,,0,0,1,1,null,0,0,0
1557479274257,0,JUnit Request,1000,Test successful,Thread Group 1-453,text,true,,0,0,1,1,null,0,0,0
1557479274257,0,JUnit Request,1000,Test successful,Thread Group 1-457,text,true,,0,0,1,1,null,0,0,0
1557479274259,0,JUnit Request,1000,Test successful,Thread Group 1-464,text,true,,0,0,1,1,null,0,0,0
1557479274260,0,JUnit Request,1000,Test successful,Thread Group 1-483,text,true,,0,0,1,1,null,0,0,0
1557479274262,0,JUnit Request,1000,Test successful,Thread Group 1-461,text,true,,0,0,3,3,null,0,0,0
1557479274262,0,JUnit Request,1000,Test successful,Thread Group 1-466,text,true,,0,0,3,3,null,0,0,0
1557479274262,0,JUnit Request,1000,Test successful,Thread Group 1-484,text,true,,0,0,3,3,null,0,0,0
1557479274264,0,JUnit Request,1000,Test successful,Thread Group 1-467,text,true,,0,0,1,1,null,0,0,0
1557479274267,0,JUnit Request,1000,Test successful,Thread Group 1-468,text,true,,0,0,1,1,null,0,0,0
1557479274269,0,JUnit Request,1000,Test successful,Thread Group 1-465,text,true,,0,0,1,1,null,0,0,0
1557479274270,0,JUnit Request,1000,Test successful,Thread Group 1-487,text,true,,0,0,1,1,null,0,0,0
1557479274273,0,JUnit Request,1000,Test successful,Thread Group 1-488,text,true,,0,0,1,1,null,0,0,0
1557479274274,0,JUnit Request,1000,Test successful,Thread Group 1-490,text,true,,0,0,1,1,null,0,0,0
1557479274274,0,JUnit Request,1000,Test successful,Thread Group 1-472,text,true,,0,0,1,1,null,0,0,0
1557479274278,0,JUnit Request,1000,Test successful,Thread Group 1-469,text,true,,0,0,1,1,null,0,0,0
1557479274280,0,JUnit Request,1000,Test successful,Thread Group 1-492,text,true,,0,0,1,1,null,0,0,0
1557479274281,0,JUnit Request,1000,Test successful,Thread Group 1-475,text,true,,0,0,1,1,null,0,0,0
1557479274281,0,JUnit Request,1000,Test successful,Thread Group 1-494,text,true,,0,0,1,1,null,0,0,0
1557479274282,0,JUnit Request,1000,Test successful,Thread Group 1-495,text,true,,0,0,1,1,null,0,0,0
1557479274285,0,JUnit Request,1000,Test successful,Thread Group 1-496,text,true,,0,0,2,2,null,0,0,0
1557479274285,0,JUnit Request,1000,Test successful,Thread Group 1-473,text,true,,0,0,1,1,null,0,0,0
1557479274290,0,JUnit Request,1000,Test successful,Thread Group 1-478,text,true,,0,0,1,1,null,0,0,0
1557479274292,0,JUnit Request,1000,Test successful,Thread Group 1-477,text,true,,0,0,1,1,null,0,0,0
1557479274300,0,JUnit Request,1000,Test successful,Thread Group 1-482,text,true,,0,0,1,1,null,0,0,0
1557479274301,0,JUnit Request,1000,Test successful,Thread Group 1-481,text,true,,0,0,1,1,null,0,0,0
1557479274308,0,JUnit Request,1000,Test successful,Thread Group 1-486,text,true,,0,0,1,1,null,0,0,0
1557479274308,0,JUnit Request,1000,Test successful,Thread Group 1-485,text,true,,0,0,2,2,null,0,0,0
1557479274314,0,JUnit Request,1000,Test successful,Thread Group 1-489,text,true,,0,0,1,1,null,0,0,0
1557479274315,0,JUnit Request,1000,Test successful,Thread Group 1-491,text,true,,0,0,1,1,null,0,0,0
1557479274321,0,JUnit Request,1000,Test successful,Thread Group 1-493,text,true,,0,0,2,2,null,0,0,0
1557479274321,0,JUnit Request,1000,Test successful,Thread Group 1-499,text,true,,0,0,2,2,null,0,0,0
1557479274324,0,JUnit Request,1000,Test successful,Thread Group 1-500,text,true,,0,0,1,1,null,0,0,0
1557479274329,0,JUnit Request,1000,Test successful,Thread Group 1-497,text,true,,0,0,1,1,null,0,0,0
1557479274331,0,JUnit Request,1000,Test successful,Thread Group 1-498,text,true,,0,0,1,1,null,0,0,0
